txn_id,amount,category,email,day
1,99.39,A,user1@example.com,2025-09-20
2,46.72,C,user2@example.com,2025-09-20
3,55.64,C,user3@example.com,2025-09-20
4,63.43,C,user4@example.com,2025-09-20
5,41.73,A,user5@example.com,2025-09-20
6,55.04,B,user6@example.com,2025-09-20
7,54.98,B,user7@example.com,2025-09-20
8,29.76,B,user8@example.com,2025-09-20
9,78.53,A,user9@example.com,2025-09-20
10,67.86,C,user10@example.com,2025-09-20
11,44.19,A,user11@example.com,2025-09-20
12,51.79,A,user12@example.com,2025-09-20
13,65.64,A,user13@example.com,2025-09-20
14,50.19,A,user14@example.com,2025-09-20
15,50.52,A,user15@example.com,2025-09-20
16,33.07,A,user16@example.com,2025-09-20
17,66.78,A,user17@example.com,2025-09-20
18,57.44,B,user18@example.com,2025-09-20
19,60.55,A,user19@example.com,2025-09-20
20,32.23,B,user20@example.com,2025-09-20
21,98.01,B,user21@example.com,2025-09-20
22,58.05,C,user22@example.com,2025-09-20
23,48.03,C,user23@example.com,2025-09-20
24,111.89,A,user24@example.com,2025-09-20
25,54.13,A,,2025-09-20
26,33.1,B,user26@example.com,2025-09-20
27,47.73,A,user27@example.com,2025-09-20
28,24.69,B,user28@example.com,2025-09-20
29,79.41,B,user29@example.com,2025-09-20
30,47.54,C,user30@example.com,2025-09-20
31,42.41,B,user31@example.com,2025-09-20
32,80.05,A,user32@example.com,2025-09-20
33,30.86,A,user33@example.com,2025-09-20
34,66.34,B,user34@example.com,2025-09-20
35,26.7,A,user35@example.com,2025-09-20
36,43.62,A,user36@example.com,2025-09-20
37,36.08,B,user37@example.com,2025-09-20
38,91.75,B,user38@example.com,2025-09-20
39,102.05,A,user39@example.com,2025-09-20
40,49.01,A,user40@example.com,2025-09-20
41,73.82,B,user41@example.com,2025-09-20
42,51.64,A,user42@example.com,2025-09-20
43,67.1,A,user43@example.com,2025-09-20
44,42.26,B,user44@example.com,2025-09-20
45,30.25,A,user45@example.com,2025-09-20
46,29.26,A,user46@example.com,2025-09-20
47,62.89,A,user47@example.com,2025-09-20
48,120.78,A,user48@example.com,2025-09-20
49,60.44,A,user49@example.com,2025-09-20
50,45.77,A,user50@example.com,2025-09-20
51,107.4,A,user51@example.com,2025-09-20
52,59.76,A,user52@example.com,2025-09-20
53,56.99,A,user53@example.com,2025-09-20
54,60.08,C,user54@example.com,2025-09-20
55,52.51,A,user55@example.com,2025-09-20
56,49.35,B,user56@example.com,2025-09-20
57,33.28,A,user57@example.com,2025-09-20
58,65.56,B,user58@example.com,2025-09-20
59,53.21,B,user59@example.com,2025-09-20
60,83.51,B,user60@example.com,2025-09-20
61,48.34,A,user61@example.com,2025-09-20
62,28.22,B,user62@example.com,2025-09-20
63,53.12,B,user63@example.com,2025-09-20
64,99.7,A,user64@example.com,2025-09-20
65,48.09,A,user65@example.com,2025-09-20
66,40.28,C,user66@example.com,2025-09-20
67,36.22,C,user67@example.com,2025-09-20
68,38.09,A,user68@example.com,2025-09-20
69,49.51,B,user69@example.com,2025-09-20
70,36.39,B,user70@example.com,2025-09-20
71,92.9,A,user71@example.com,2025-09-20
72,49.82,C,user72@example.com,2025-09-20
73,57.13,B,user73@example.com,2025-09-20
74,90.99,A,user74@example.com,2025-09-20
75,93.08,A,user75@example.com,2025-09-20
76,51.05,A,user76@example.com,2025-09-20
77,61.78,A,user77@example.com,2025-09-20
78,71.14,A,user78@example.com,2025-09-20
79,51.41,B,user79@example.com,2025-09-20
80,29.52,B,user80@example.com,2025-09-20
81,69.16,A,user81@example.com,2025-09-20
82,75.22,A,user82@example.com,2025-09-20
83,63.61,A,user83@example.com,2025-09-20
84,39.81,B,user84@example.com,2025-09-20
85,51.35,B,user85@example.com,2025-09-20
86,44.73,A,user86@example.com,2025-09-20
87,49.52,B,user87@example.com,2025-09-20
88,86.6,A,user88@example.com,2025-09-20
89,93.94,B,user89@example.com,2025-09-20
90,69.52,B,user90@example.com,2025-09-20
91,66.65,B,user91@example.com,2025-09-20
92,69.7,A,user92@example.com,2025-09-20
93,54.76,C,user93@example.com,2025-09-20
94,53.56,B,user94@example.com,2025-09-20
95,43.45,A,user95@example.com,2025-09-20
96,53.93,A,user96@example.com,2025-09-20
97,121.31,A,user97@example.com,2025-09-20
98,74.55,C,user98@example.com,2025-09-20
99,48.79,A,user99@example.com,2025-09-20
100,46.63,C,user100@example.com,2025-09-20
101,40.64,A,user101@example.com,2025-09-20
102,62.7,B,user102@example.com,2025-09-20
103,63.08,B,user103@example.com,2025-09-20
104,33.19,C,user104@example.com,2025-09-20
105,65.21,A,user105@example.com,2025-09-20
106,45.06,A,user106@example.com,2025-09-20
107,90.62,A,user107@example.com,2025-09-20
108,58.1,A,user108@example.com,2025-09-20
109,100.34,A,user109@example.com,2025-09-20
110,46.85,C,user110@example.com,2025-09-20
111,49.73,A,user111@example.com,2025-09-20
112,61.08,A,user112@example.com,2025-09-20
113,79.59,A,user113@example.com,2025-09-20
114,67.05,A,user114@example.com,2025-09-20
115,35.72,A,user115@example.com,2025-09-20
116,58.64,A,user116@example.com,2025-09-20
117,55.43,A,user117@example.com,2025-09-20
118,47.33,A,user118@example.com,2025-09-20
119,43.84,A,user119@example.com,2025-09-20
120,101.39,A,user120@example.com,2025-09-20
121,47.98,B,user121@example.com,2025-09-20
122,40.91,A,user122@example.com,2025-09-20
123,68.74,A,user123@example.com,2025-09-20
124,57.57,A,user124@example.com,2025-09-20
125,53.56,B,user125@example.com,2025-09-20
126,72.3,A,user126@example.com,2025-09-20
127,65.26,B,user127@example.com,2025-09-20
128,62.43,B,user128@example.com,2025-09-20
129,77.08,A,user129@example.com,2025-09-20
130,60.74,B,user130@example.com,2025-09-20
131,44.32,A,user131@example.com,2025-09-20
132,48.45,B,user132@example.com,2025-09-20
133,45.83,A,user133@example.com,2025-09-20
134,59.19,C,user134@example.com,2025-09-20
135,37.71,A,user135@example.com,2025-09-20
136,28.96,B,user136@example.com,2025-09-20
137,56.72,A,user137@example.com,2025-09-20
138,34.45,A,user138@example.com,2025-09-20
139,27.78,C,user139@example.com,2025-09-20
140,62.68,C,user140@example.com,2025-09-20
141,42.88,B,user141@example.com,2025-09-20
142,65.43,A,user142@example.com,2025-09-20
143,45.67,B,user143@example.com,2025-09-20
144,37.14,A,user144@example.com,2025-09-20
145,35.59,A,user145@example.com,2025-09-20
146,45.93,B,user146@example.com,2025-09-20
147,49.98,A,user147@example.com,2025-09-20
148,41.23,A,user148@example.com,2025-09-20
149,49.85,B,user149@example.com,2025-09-20
150,32.13,B,user150@example.com,2025-09-20
151,55.28,B,user151@example.com,2025-09-20
152,29.36,A,user152@example.com,2025-09-20
153,51.39,A,user153@example.com,2025-09-20
154,70.2,B,user154@example.com,2025-09-20
155,80.6,A,,2025-09-20
156,100.22,A,user156@example.com,2025-09-20
157,31.9,B,user157@example.com,2025-09-20
158,71.73,B,user158@example.com,2025-09-20
159,83.89,A,user159@example.com,2025-09-20
160,77.52,A,user160@example.com,2025-09-20
161,39.73,B,user161@example.com,2025-09-20
162,63.53,A,user162@example.com,2025-09-20
163,105.46,B,user163@example.com,2025-09-20
164,32.57,B,user164@example.com,2025-09-20
165,64.98,A,user165@example.com,2025-09-20
166,81.18,B,user166@example.com,2025-09-20
167,43.1,B,user167@example.com,2025-09-20
168,67.45,A,user168@example.com,2025-09-20
169,37.81,B,user169@example.com,2025-09-20
170,41.39,A,user170@example.com,2025-09-20
171,41.32,A,user171@example.com,2025-09-20
172,58.83,A,user172@example.com,2025-09-20
173,53.28,A,user173@example.com,2025-09-20
174,76.81,B,user174@example.com,2025-09-20
175,39.58,A,user175@example.com,2025-09-20
176,52.53,B,user176@example.com,2025-09-20
177,76.99,A,user177@example.com,2025-09-20
178,66.93,A,user178@example.com,2025-09-20
179,34.59,A,user179@example.com,2025-09-20
180,69.42,B,user180@example.com,2025-09-20
181,46.52,A,user181@example.com,2025-09-20
182,62.94,B,user182@example.com,2025-09-20
183,61.1,B,user183@example.com,2025-09-20
184,84.28,A,user184@example.com,2025-09-20
185,57.29,B,user185@example.com,2025-09-20
186,28.75,A,user186@example.com,2025-09-20
187,34.05,B,user187@example.com,2025-09-20
188,71.04,A,user188@example.com,2025-09-20
189,50.25,A,user189@example.com,2025-09-20
190,81.91,A,user190@example.com,2025-09-20
191,60.52,C,user191@example.com,2025-09-20
192,42.32,A,user192@example.com,2025-09-20
193,80.33,A,user193@example.com,2025-09-20
194,41.46,B,user194@example.com,2025-09-20
195,26.81,A,user195@example.com,2025-09-20
196,113.26,A,user196@example.com,2025-09-20
197,28.18,B,user197@example.com,2025-09-20
198,68.72,A,user198@example.com,2025-09-20
199,76.4,B,user199@example.com,2025-09-20
200,57.91,A,user200@example.com,2025-09-20
201,30.51,B,user201@example.com,2025-09-20
202,78.46,A,user202@example.com,2025-09-20
203,33.21,A,user203@example.com,2025-09-20
204,34.37,A,user204@example.com,2025-09-20
205,48.46,B,user205@example.com,2025-09-20
206,72.48,A,user206@example.com,2025-09-20
207,61.09,A,user207@example.com,2025-09-20
208,73.05,B,user208@example.com,2025-09-20
209,47.09,A,user209@example.com,2025-09-20
210,51.78,A,user210@example.com,2025-09-20
211,36.94,A,user211@example.com,2025-09-20
212,49.23,A,user212@example.com,2025-09-20
213,67.69,A,user213@example.com,2025-09-20
214,49.52,B,user214@example.com,2025-09-20
215,64.96,A,user215@example.com,2025-09-20
216,45.0,A,user216@example.com,2025-09-20
217,44.7,A,user217@example.com,2025-09-20
218,55.76,A,user218@example.com,2025-09-20
219,51.37,A,user219@example.com,2025-09-20
220,67.67,A,user220@example.com,2025-09-20
221,58.54,B,user221@example.com,2025-09-20
222,101.13,A,user222@example.com,2025-09-20
223,50.93,A,user223@example.com,2025-09-20
224,50.79,B,user224@example.com,2025-09-20
225,38.22,A,user225@example.com,2025-09-20
226,55.44,A,user226@example.com,2025-09-20
227,69.85,A,user227@example.com,2025-09-20
228,42.45,A,user228@example.com,2025-09-20
229,54.05,B,user229@example.com,2025-09-20
230,70.73,A,user230@example.com,2025-09-20
231,52.61,B,user231@example.com,2025-09-20
232,45.86,B,user232@example.com,2025-09-20
233,77.32,A,user233@example.com,2025-09-20
234,56.9,A,user234@example.com,2025-09-20
235,63.19,B,user235@example.com,2025-09-20
236,82.87,A,user236@example.com,2025-09-20
237,82.12,A,user237@example.com,2025-09-20
238,48.71,A,user238@example.com,2025-09-20
239,205.92,A,user239@example.com,2025-09-20
240,60.75,A,user240@example.com,2025-09-20
241,52.5,C,user241@example.com,2025-09-20
242,28.29,A,user242@example.com,2025-09-20
243,85.95,B,user243@example.com,2025-09-20
244,55.37,B,user244@example.com,2025-09-20
245,71.17,A,user245@example.com,2025-09-20
246,36.48,A,user246@example.com,2025-09-20
247,86.33,C,user247@example.com,2025-09-20
248,44.77,B,user248@example.com,2025-09-20
249,52.97,A,user249@example.com,2025-09-20
250,33.68,A,user250@example.com,2025-09-20
251,51.88,A,user251@example.com,2025-09-20
252,50.75,A,user252@example.com,2025-09-20
253,51.55,A,user253@example.com,2025-09-20
254,64.12,A,user254@example.com,2025-09-20
255,56.17,B,user255@example.com,2025-09-20
256,77.39,B,user256@example.com,2025-09-20
257,46.69,A,user257@example.com,2025-09-20
258,38.81,A,user258@example.com,2025-09-20
259,54.63,B,user259@example.com,2025-09-20
260,68.53,A,user260@example.com,2025-09-20
261,85.03,A,user261@example.com,2025-09-20
262,73.13,A,user262@example.com,2025-09-20
263,29.65,C,user263@example.com,2025-09-20
264,62.76,B,user264@example.com,2025-09-20
265,91.69,A,user265@example.com,2025-09-20
266,56.22,A,user266@example.com,2025-09-20
267,45.91,B,user267@example.com,2025-09-20
268,61.29,A,user268@example.com,2025-09-20
269,46.12,B,user269@example.com,2025-09-20
270,68.79,A,user270@example.com,2025-09-20
271,54.75,A,user271@example.com,2025-09-20
272,89.56,B,user272@example.com,2025-09-20
273,65.51,B,user273@example.com,2025-09-20
274,42.69,A,user274@example.com,2025-09-20
275,67.96,A,user275@example.com,2025-09-20
276,76.32,C,user276@example.com,2025-09-20
277,45.08,A,user277@example.com,2025-09-20
278,47.38,A,user278@example.com,2025-09-20
279,24.55,A,user279@example.com,2025-09-20
280,75.45,B,user280@example.com,2025-09-20
281,44.77,A,user281@example.com,2025-09-20
282,26.17,B,user282@example.com,2025-09-20
283,29.61,A,user283@example.com,2025-09-20
284,50.87,A,user284@example.com,2025-09-20
285,71.78,B,user285@example.com,2025-09-20
286,53.31,A,user286@example.com,2025-09-20
287,64.87,B,user287@example.com,2025-09-20
288,37.41,A,user288@example.com,2025-09-20
289,34.39,A,user289@example.com,2025-09-20
290,74.99,B,user290@example.com,2025-09-20
291,65.34,B,user291@example.com,2025-09-20
292,54.42,B,,2025-09-20
293,86.15,A,user293@example.com,2025-09-20
294,39.43,A,user294@example.com,2025-09-20
295,47.48,C,user295@example.com,2025-09-20
296,78.77,A,user296@example.com,2025-09-20
297,104.64,A,user297@example.com,2025-09-20
298,55.16,A,user298@example.com,2025-09-20
299,99.0,A,user299@example.com,2025-09-20
300,44.54,A,user300@example.com,2025-09-20
301,61.73,A,user301@example.com,2025-09-20
302,51.75,B,user302@example.com,2025-09-20
303,31.55,B,user303@example.com,2025-09-20
304,60.2,A,user304@example.com,2025-09-20
305,76.23,B,user305@example.com,2025-09-20
306,52.22,A,user306@example.com,2025-09-20
307,53.66,A,user307@example.com,2025-09-20
308,89.56,C,user308@example.com,2025-09-20
309,35.51,A,user309@example.com,2025-09-20
310,32.56,A,user310@example.com,2025-09-20
311,43.75,A,user311@example.com,2025-09-20
312,36.18,A,user312@example.com,2025-09-20
313,88.11,A,user313@example.com,2025-09-20
314,61.3,A,user314@example.com,2025-09-20
315,40.65,B,user315@example.com,2025-09-20
316,44.36,A,user316@example.com,2025-09-20
317,149.71,B,user317@example.com,2025-09-20
318,44.42,C,user318@example.com,2025-09-20
319,42.12,C,user319@example.com,2025-09-20
320,61.18,A,user320@example.com,2025-09-20
321,68.77,A,user321@example.com,2025-09-20
322,59.44,A,user322@example.com,2025-09-20
323,40.02,B,user323@example.com,2025-09-20
324,36.66,A,user324@example.com,2025-09-20
325,67.76,C,user325@example.com,2025-09-20
326,53.97,A,user326@example.com,2025-09-20
327,30.96,A,user327@example.com,2025-09-20
328,82.86,A,user328@example.com,2025-09-20
329,72.15,B,user329@example.com,2025-09-20
330,50.55,B,user330@example.com,2025-09-20
331,50.21,C,user331@example.com,2025-09-20
332,59.64,A,user332@example.com,2025-09-20
333,43.24,A,user333@example.com,2025-09-20
334,34.31,A,user334@example.com,2025-09-20
335,61.57,B,user335@example.com,2025-09-20
336,33.24,A,user336@example.com,2025-09-20
337,63.06,B,user337@example.com,2025-09-20
338,33.21,A,user338@example.com,2025-09-20
339,53.12,A,user339@example.com,2025-09-20
340,52.45,A,user340@example.com,2025-09-20
341,102.64,B,user341@example.com,2025-09-20
342,37.89,A,user342@example.com,2025-09-20
343,33.52,A,user343@example.com,2025-09-20
344,43.87,B,user344@example.com,2025-09-20
345,37.12,A,user345@example.com,2025-09-20
346,44.74,A,user346@example.com,2025-09-20
347,63.73,A,user347@example.com,2025-09-20
348,72.06,A,user348@example.com,2025-09-20
349,98.32,A,user349@example.com,2025-09-20
350,42.5,C,user350@example.com,2025-09-20
351,138.49,B,user351@example.com,2025-09-20
352,110.07,A,user352@example.com,2025-09-20
353,51.22,B,user353@example.com,2025-09-20
354,24.66,C,user354@example.com,2025-09-20
355,53.42,B,user355@example.com,2025-09-20
356,56.41,C,user356@example.com,2025-09-20
357,24.6,A,user357@example.com,2025-09-20
358,56.44,B,user358@example.com,2025-09-20
359,51.28,A,user359@example.com,2025-09-20
360,41.78,A,user360@example.com,2025-09-20
361,68.49,A,user361@example.com,2025-09-20
362,78.19,B,user362@example.com,2025-09-20
363,46.39,A,user363@example.com,2025-09-20
364,59.6,B,user364@example.com,2025-09-20
365,43.74,A,user365@example.com,2025-09-20
366,41.76,B,,2025-09-20
367,56.55,A,user367@example.com,2025-09-20
368,66.06,B,user368@example.com,2025-09-20
369,45.16,A,user369@example.com,2025-09-20
370,25.34,A,user370@example.com,2025-09-20
371,67.52,A,user371@example.com,2025-09-20
372,31.45,A,user372@example.com,2025-09-20
373,57.4,A,user373@example.com,2025-09-20
374,102.51,C,user374@example.com,2025-09-20
375,54.68,B,user375@example.com,2025-09-20
376,36.27,B,user376@example.com,2025-09-20
377,32.98,A,,2025-09-20
378,82.85,B,user378@example.com,2025-09-20
379,54.67,C,user379@example.com,2025-09-20
380,66.44,A,user380@example.com,2025-09-20
381,76.06,B,user381@example.com,2025-09-20
382,54.06,A,user382@example.com,2025-09-20
383,49.37,C,user383@example.com,2025-09-20
384,39.48,B,user384@example.com,2025-09-20
385,18.7,B,user385@example.com,2025-09-20
386,32.33,C,user386@example.com,2025-09-20
387,53.68,C,user387@example.com,2025-09-20
388,51.73,B,user388@example.com,2025-09-20
389,63.34,A,user389@example.com,2025-09-20
390,52.61,B,user390@example.com,2025-09-20
391,261.7,A,user391@example.com,2025-09-20
392,72.46,A,user392@example.com,2025-09-20
393,40.35,A,user393@example.com,2025-09-20
394,49.74,B,user394@example.com,2025-09-20
395,31.34,A,user395@example.com,2025-09-20
396,77.31,A,user396@example.com,2025-09-20
397,55.74,B,user397@example.com,2025-09-20
398,65.29,A,user398@example.com,2025-09-20
399,94.37,A,user399@example.com,2025-09-20
400,80.25,C,user400@example.com,2025-09-20
401,53.86,B,user401@example.com,2025-09-20
402,72.46,A,user402@example.com,2025-09-20
403,33.32,A,user403@example.com,2025-09-20
404,64.02,B,user404@example.com,2025-09-20
405,57.74,A,user405@example.com,2025-09-20
406,31.22,B,user406@example.com,2025-09-20
407,87.83,B,user407@example.com,2025-09-20
408,42.99,A,user408@example.com,2025-09-20
409,69.86,C,user409@example.com,2025-09-20
410,47.48,A,user410@example.com,2025-09-20
411,77.87,A,user411@example.com,2025-09-20
412,87.06,A,user412@example.com,2025-09-20
413,41.13,A,user413@example.com,2025-09-20
414,32.19,A,user414@example.com,2025-09-20
415,52.53,B,user415@example.com,2025-09-20
416,74.03,B,user416@example.com,2025-09-20
417,48.3,A,user417@example.com,2025-09-20
418,44.37,B,user418@example.com,2025-09-20
419,65.25,A,user419@example.com,2025-09-20
420,20.92,A,user420@example.com,2025-09-20
421,43.58,A,user421@example.com,2025-09-20
422,33.89,B,user422@example.com,2025-09-20
423,60.98,A,user423@example.com,2025-09-20
424,42.51,B,user424@example.com,2025-09-20
425,37.23,B,user425@example.com,2025-09-20
426,48.59,A,user426@example.com,2025-09-20
427,32.9,A,user427@example.com,2025-09-20
428,54.75,A,user428@example.com,2025-09-20
429,43.32,A,user429@example.com,2025-09-20
430,48.19,A,user430@example.com,2025-09-20
431,42.79,A,user431@example.com,2025-09-20
432,75.69,A,user432@example.com,2025-09-20
433,52.94,B,user433@example.com,2025-09-20
434,66.08,A,user434@example.com,2025-09-20
435,65.06,C,user435@example.com,2025-09-20
436,41.48,B,user436@example.com,2025-09-20
437,67.14,A,user437@example.com,2025-09-20
438,62.15,A,user438@example.com,2025-09-20
439,61.38,C,user439@example.com,2025-09-20
440,47.84,C,user440@example.com,2025-09-20
441,47.37,B,user441@example.com,2025-09-20
442,72.41,A,user442@example.com,2025-09-20
443,118.04,A,user443@example.com,2025-09-20
444,41.13,A,user444@example.com,2025-09-20
445,298.41,A,user445@example.com,2025-09-20
446,48.38,A,user446@example.com,2025-09-20
447,72.39,B,user447@example.com,2025-09-20
448,64.12,B,user448@example.com,2025-09-20
449,79.71,A,user449@example.com,2025-09-20
450,20.68,A,user450@example.com,2025-09-20
451,44.57,A,user451@example.com,2025-09-20
452,38.92,A,user452@example.com,2025-09-20
453,52.96,B,user453@example.com,2025-09-20
454,42.69,A,user454@example.com,2025-09-20
455,43.95,A,user455@example.com,2025-09-20
456,69.82,A,user456@example.com,2025-09-20
457,107.02,A,user457@example.com,2025-09-20
458,20.47,B,user458@example.com,2025-09-20
459,49.34,B,user459@example.com,2025-09-20
460,61.35,A,user460@example.com,2025-09-20
461,55.09,A,user461@example.com,2025-09-20
462,48.74,B,user462@example.com,2025-09-20
463,34.25,A,user463@example.com,2025-09-20
464,39.54,A,user464@example.com,2025-09-20
465,70.89,B,user465@example.com,2025-09-20
466,80.15,B,user466@example.com,2025-09-20
467,56.89,C,user467@example.com,2025-09-20
468,41.05,A,user468@example.com,2025-09-20
469,56.87,A,user469@example.com,2025-09-20
470,50.57,B,user470@example.com,2025-09-20
471,66.57,B,user471@example.com,2025-09-20
472,57.33,B,user472@example.com,2025-09-20
473,44.24,A,user473@example.com,2025-09-20
474,58.8,A,user474@example.com,2025-09-20
475,36.4,A,user475@example.com,2025-09-20
476,73.28,A,user476@example.com,2025-09-20
477,83.19,A,user477@example.com,2025-09-20
478,36.41,A,user478@example.com,2025-09-20
479,63.73,A,user479@example.com,2025-09-20
480,38.88,B,user480@example.com,2025-09-20
481,80.03,B,user481@example.com,2025-09-20
482,75.47,B,user482@example.com,2025-09-20
483,50.74,B,user483@example.com,2025-09-20
484,77.91,B,user484@example.com,2025-09-20
485,47.3,A,user485@example.com,2025-09-20
486,43.92,C,user486@example.com,2025-09-20
487,45.07,A,user487@example.com,2025-09-20
488,52.35,A,user488@example.com,2025-09-20
489,49.11,A,user489@example.com,2025-09-20
490,58.05,A,user490@example.com,2025-09-20
491,44.35,C,user491@example.com,2025-09-20
492,71.88,B,user492@example.com,2025-09-20
493,78.62,C,user493@example.com,2025-09-20
494,46.24,B,user494@example.com,2025-09-20
495,33.38,A,user495@example.com,2025-09-20
496,70.86,A,user496@example.com,2025-09-20
497,81.93,A,user497@example.com,2025-09-20
498,51.95,B,user498@example.com,2025-09-20
499,35.06,C,user499@example.com,2025-09-20
500,60.38,B,,2025-09-20
501,93.78,B,user501@example.com,2025-09-20
502,28.52,A,user502@example.com,2025-09-20
503,65.01,A,user503@example.com,2025-09-20
504,49.28,A,user504@example.com,2025-09-20
505,40.77,A,user505@example.com,2025-09-20
506,65.48,A,user506@example.com,2025-09-20
507,34.91,A,user507@example.com,2025-09-20
508,61.02,A,user508@example.com,2025-09-20
509,87.09,A,user509@example.com,2025-09-20
510,58.51,A,user510@example.com,2025-09-20
511,40.47,A,user511@example.com,2025-09-20
512,29.51,A,user512@example.com,2025-09-20
513,35.12,B,user513@example.com,2025-09-20
514,28.87,A,user514@example.com,2025-09-20
515,96.27,A,user515@example.com,2025-09-20
516,50.4,A,user516@example.com,2025-09-20
517,38.15,A,user517@example.com,2025-09-20
518,34.92,B,user518@example.com,2025-09-20
519,37.86,B,user519@example.com,2025-09-20
520,48.9,B,user520@example.com,2025-09-20
521,35.11,A,user521@example.com,2025-09-20
522,98.89,A,user522@example.com,2025-09-20
523,42.34,A,user523@example.com,2025-09-20
524,41.82,A,user524@example.com,2025-09-20
525,61.26,A,user525@example.com,2025-09-20
526,91.38,A,user526@example.com,2025-09-20
527,87.42,A,user527@example.com,2025-09-20
528,46.37,B,user528@example.com,2025-09-20
529,60.14,B,user529@example.com,2025-09-20
530,57.95,A,user530@example.com,2025-09-20
531,66.21,B,user531@example.com,2025-09-20
532,60.15,B,user532@example.com,2025-09-20
533,39.53,C,user533@example.com,2025-09-20
534,35.38,B,user534@example.com,2025-09-20
535,58.49,A,user535@example.com,2025-09-20
536,36.35,B,user536@example.com,2025-09-20
537,88.63,A,user537@example.com,2025-09-20
538,55.77,B,user538@example.com,2025-09-20
539,38.41,A,user539@example.com,2025-09-20
540,49.14,B,user540@example.com,2025-09-20
541,46.05,C,user541@example.com,2025-09-20
542,52.53,B,user542@example.com,2025-09-20
543,76.58,A,user543@example.com,2025-09-20
544,33.17,A,user544@example.com,2025-09-20
545,28.61,A,user545@example.com,2025-09-20
546,61.91,A,user546@example.com,2025-09-20
547,51.69,B,user547@example.com,2025-09-20
548,58.23,B,user548@example.com,2025-09-20
549,64.26,A,user549@example.com,2025-09-20
550,51.62,A,user550@example.com,2025-09-20
551,72.76,B,user551@example.com,2025-09-20
552,40.24,A,user552@example.com,2025-09-20
553,56.25,A,user553@example.com,2025-09-20
554,41.12,B,user554@example.com,2025-09-20
555,37.04,A,user555@example.com,2025-09-20
556,68.22,A,user556@example.com,2025-09-20
557,67.12,A,user557@example.com,2025-09-20
558,27.87,A,user558@example.com,2025-09-20
559,37.14,B,user559@example.com,2025-09-20
560,60.92,A,user560@example.com,2025-09-20
561,79.99,A,user561@example.com,2025-09-20
562,43.56,B,user562@example.com,2025-09-20
563,51.57,C,user563@example.com,2025-09-20
564,33.54,A,user564@example.com,2025-09-20
565,132.44,A,user565@example.com,2025-09-20
566,64.95,A,,2025-09-20
567,75.22,A,user567@example.com,2025-09-20
568,311.6,C,user568@example.com,2025-09-20
569,76.25,A,user569@example.com,2025-09-20
570,68.04,A,user570@example.com,2025-09-20
571,48.91,A,user571@example.com,2025-09-20
572,71.36,B,user572@example.com,2025-09-20
573,56.54,A,user573@example.com,2025-09-20
574,86.59,A,user574@example.com,2025-09-20
575,42.52,A,user575@example.com,2025-09-20
576,45.51,A,user576@example.com,2025-09-20
577,69.32,A,user577@example.com,2025-09-20
578,86.07,A,user578@example.com,2025-09-20
579,57.87,B,user579@example.com,2025-09-20
580,42.86,B,user580@example.com,2025-09-20
581,52.76,C,user581@example.com,2025-09-20
582,46.2,B,user582@example.com,2025-09-20
583,106.83,A,user583@example.com,2025-09-20
584,75.33,A,user584@example.com,2025-09-20
585,85.62,B,user585@example.com,2025-09-20
586,61.12,A,user586@example.com,2025-09-20
587,45.29,B,user587@example.com,2025-09-20
588,82.93,A,user588@example.com,2025-09-20
589,98.12,B,user589@example.com,2025-09-20
590,67.43,B,user590@example.com,2025-09-20
591,54.54,B,user591@example.com,2025-09-20
592,80.29,A,user592@example.com,2025-09-20
593,48.3,B,user593@example.com,2025-09-20
594,71.87,A,user594@example.com,2025-09-20
595,42.87,A,user595@example.com,2025-09-20
596,39.16,A,user596@example.com,2025-09-20
597,67.06,A,user597@example.com,2025-09-20
598,61.91,A,user598@example.com,2025-09-20
599,107.11,C,user599@example.com,2025-09-20
600,49.86,A,user600@example.com,2025-09-20
601,55.45,A,user601@example.com,2025-09-20
602,36.91,B,user602@example.com,2025-09-20
603,28.59,A,user603@example.com,2025-09-20
604,29.49,B,user604@example.com,2025-09-20
605,64.68,A,user605@example.com,2025-09-20
606,36.43,A,user606@example.com,2025-09-20
607,81.59,A,,2025-09-20
608,90.48,A,user608@example.com,2025-09-20
609,49.77,A,user609@example.com,2025-09-20
610,98.28,B,user610@example.com,2025-09-20
611,59.55,B,user611@example.com,2025-09-20
612,81.54,A,user612@example.com,2025-09-20
613,50.82,A,user613@example.com,2025-09-20
614,76.94,B,user614@example.com,2025-09-20
615,39.53,A,user615@example.com,2025-09-20
616,68.39,C,user616@example.com,2025-09-20
617,46.83,A,user617@example.com,2025-09-20
618,52.54,A,user618@example.com,2025-09-20
619,68.61,A,user619@example.com,2025-09-20
620,58.43,C,user620@example.com,2025-09-20
621,53.59,B,user621@example.com,2025-09-20
622,70.96,B,user622@example.com,2025-09-20
623,72.85,B,user623@example.com,2025-09-20
624,33.87,A,user624@example.com,2025-09-20
625,66.88,B,user625@example.com,2025-09-20
626,69.56,A,user626@example.com,2025-09-20
627,42.28,A,user627@example.com,2025-09-20
628,62.95,A,user628@example.com,2025-09-20
629,34.6,B,user629@example.com,2025-09-20
630,91.02,B,user630@example.com,2025-09-20
631,50.61,A,user631@example.com,2025-09-20
632,53.51,A,user632@example.com,2025-09-20
633,83.63,B,user633@example.com,2025-09-20
634,52.32,C,user634@example.com,2025-09-20
635,67.83,A,user635@example.com,2025-09-20
636,38.12,A,user636@example.com,2025-09-20
637,45.06,A,user637@example.com,2025-09-20
638,152.03,B,user638@example.com,2025-09-20
639,51.13,C,user639@example.com,2025-09-20
640,78.9,B,user640@example.com,2025-09-20
641,59.48,B,user641@example.com,2025-09-20
642,74.95,A,user642@example.com,2025-09-20
643,38.4,A,user643@example.com,2025-09-20
644,40.37,A,user644@example.com,2025-09-20
645,46.73,B,user645@example.com,2025-09-20
646,67.2,A,user646@example.com,2025-09-20
647,62.31,B,user647@example.com,2025-09-20
648,54.71,B,user648@example.com,2025-09-20
649,68.39,A,user649@example.com,2025-09-20
650,52.16,B,user650@example.com,2025-09-20
651,54.59,A,user651@example.com,2025-09-20
652,86.84,A,user652@example.com,2025-09-20
653,44.8,B,user653@example.com,2025-09-20
654,58.63,A,user654@example.com,2025-09-20
655,96.69,B,user655@example.com,2025-09-20
656,57.0,A,user656@example.com,2025-09-20
657,70.43,A,user657@example.com,2025-09-20
658,44.48,B,user658@example.com,2025-09-20
659,109.08,A,user659@example.com,2025-09-20
660,25.03,C,user660@example.com,2025-09-20
661,36.98,A,user661@example.com,2025-09-20
662,38.03,A,user662@example.com,2025-09-20
663,96.96,A,user663@example.com,2025-09-20
664,62.22,B,user664@example.com,2025-09-20
665,50.18,B,user665@example.com,2025-09-20
666,35.12,A,user666@example.com,2025-09-20
667,62.48,A,user667@example.com,2025-09-20
668,57.24,B,user668@example.com,2025-09-20
669,43.15,A,user669@example.com,2025-09-20
670,32.63,A,user670@example.com,2025-09-20
671,37.39,A,user671@example.com,2025-09-20
672,59.27,A,user672@example.com,2025-09-20
673,61.32,B,user673@example.com,2025-09-20
674,56.43,A,user674@example.com,2025-09-20
675,52.16,B,user675@example.com,2025-09-20
676,29.61,B,user676@example.com,2025-09-20
677,55.95,A,user677@example.com,2025-09-20
678,38.32,A,user678@example.com,2025-09-20
679,55.81,A,user679@example.com,2025-09-20
680,64.72,A,user680@example.com,2025-09-20
681,43.42,A,user681@example.com,2025-09-20
682,38.45,A,user682@example.com,2025-09-20
683,77.87,B,user683@example.com,2025-09-20
684,62.21,A,user684@example.com,2025-09-20
685,44.01,A,user685@example.com,2025-09-20
686,19.24,C,user686@example.com,2025-09-20
687,54.06,A,user687@example.com,2025-09-20
688,68.55,A,user688@example.com,2025-09-20
689,81.44,B,user689@example.com,2025-09-20
690,43.38,A,user690@example.com,2025-09-20
691,43.92,B,user691@example.com,2025-09-20
692,47.1,A,user692@example.com,2025-09-20
693,73.74,A,user693@example.com,2025-09-20
694,36.46,B,user694@example.com,2025-09-20
695,52.87,B,user695@example.com,2025-09-20
696,39.78,B,user696@example.com,2025-09-20
697,60.42,A,user697@example.com,2025-09-20
698,31.92,B,user698@example.com,2025-09-20
699,62.74,B,user699@example.com,2025-09-20
700,46.22,B,user700@example.com,2025-09-20
701,50.85,B,user701@example.com,2025-09-20
702,66.11,B,user702@example.com,2025-09-20
703,82.08,A,user703@example.com,2025-09-20
704,30.37,B,user704@example.com,2025-09-20
705,78.15,A,user705@example.com,2025-09-20
706,66.87,A,user706@example.com,2025-09-20
707,49.61,A,user707@example.com,2025-09-20
708,89.9,B,user708@example.com,2025-09-20
709,58.75,A,user709@example.com,2025-09-20
710,86.49,B,user710@example.com,2025-09-20
711,44.69,B,user711@example.com,2025-09-20
712,40.61,A,user712@example.com,2025-09-20
713,84.43,A,user713@example.com,2025-09-20
714,117.31,A,user714@example.com,2025-09-20
715,68.66,C,user715@example.com,2025-09-20
716,75.13,A,user716@example.com,2025-09-20
717,46.59,A,user717@example.com,2025-09-20
718,34.59,A,user718@example.com,2025-09-20
719,50.82,A,user719@example.com,2025-09-20
720,92.99,B,user720@example.com,2025-09-20
721,28.68,A,user721@example.com,2025-09-20
722,46.25,B,user722@example.com,2025-09-20
723,28.14,A,user723@example.com,2025-09-20
724,57.12,B,user724@example.com,2025-09-20
725,74.69,B,user725@example.com,2025-09-20
726,35.6,B,user726@example.com,2025-09-20
727,47.66,B,user727@example.com,2025-09-20
728,87.47,C,user728@example.com,2025-09-20
729,53.32,A,user729@example.com,2025-09-20
730,35.64,B,user730@example.com,2025-09-20
731,34.7,A,user731@example.com,2025-09-20
732,27.17,C,user732@example.com,2025-09-20
733,72.1,A,user733@example.com,2025-09-20
734,42.36,A,user734@example.com,2025-09-20
735,79.45,A,user735@example.com,2025-09-20
736,74.5,A,user736@example.com,2025-09-20
737,43.66,A,user737@example.com,2025-09-20
738,45.72,A,user738@example.com,2025-09-20
739,72.23,A,user739@example.com,2025-09-20
740,57.95,A,user740@example.com,2025-09-20
741,60.41,B,user741@example.com,2025-09-20
742,30.9,A,user742@example.com,2025-09-20
743,75.3,A,user743@example.com,2025-09-20
744,40.49,A,user744@example.com,2025-09-20
745,24.85,B,user745@example.com,2025-09-20
746,44.32,B,user746@example.com,2025-09-20
747,63.75,A,user747@example.com,2025-09-20
748,114.59,B,user748@example.com,2025-09-20
749,48.27,A,user749@example.com,2025-09-20
750,34.53,A,user750@example.com,2025-09-20
751,115.65,A,user751@example.com,2025-09-20
752,58.17,B,user752@example.com,2025-09-20
753,50.2,B,user753@example.com,2025-09-20
754,37.74,A,user754@example.com,2025-09-20
755,38.7,A,user755@example.com,2025-09-20
756,92.28,A,user756@example.com,2025-09-20
757,50.03,A,user757@example.com,2025-09-20
758,45.56,A,user758@example.com,2025-09-20
759,46.01,A,user759@example.com,2025-09-20
760,95.21,B,user760@example.com,2025-09-20
761,44.75,A,user761@example.com,2025-09-20
762,68.52,A,user762@example.com,2025-09-20
763,60.37,A,user763@example.com,2025-09-20
764,59.8,A,user764@example.com,2025-09-20
765,40.46,A,user765@example.com,2025-09-20
766,69.26,A,user766@example.com,2025-09-20
767,96.58,A,user767@example.com,2025-09-20
768,54.0,B,user768@example.com,2025-09-20
769,39.86,B,user769@example.com,2025-09-20
770,35.0,A,user770@example.com,2025-09-20
771,58.8,A,user771@example.com,2025-09-20
772,50.01,B,user772@example.com,2025-09-20
773,53.03,A,user773@example.com,2025-09-20
774,55.23,A,user774@example.com,2025-09-20
775,32.81,A,user775@example.com,2025-09-20
776,72.3,C,user776@example.com,2025-09-20
777,59.7,B,user777@example.com,2025-09-20
778,53.58,B,user778@example.com,2025-09-20
779,59.65,A,user779@example.com,2025-09-20
780,76.06,B,user780@example.com,2025-09-20
781,56.04,A,user781@example.com,2025-09-20
782,40.84,A,user782@example.com,2025-09-20
783,82.72,A,user783@example.com,2025-09-20
784,47.26,B,user784@example.com,2025-09-20
785,42.67,C,user785@example.com,2025-09-20
786,31.84,A,user786@example.com,2025-09-20
787,55.15,B,user787@example.com,2025-09-20
788,38.12,A,user788@example.com,2025-09-20
789,45.86,A,user789@example.com,2025-09-20
790,64.37,A,user790@example.com,2025-09-20
791,55.64,A,user791@example.com,2025-09-20
792,78.49,B,user792@example.com,2025-09-20
793,61.2,B,user793@example.com,2025-09-20
794,47.75,A,user794@example.com,2025-09-20
795,49.01,A,user795@example.com,2025-09-20
796,46.05,A,user796@example.com,2025-09-20
797,68.96,B,user797@example.com,2025-09-20
798,55.41,A,user798@example.com,2025-09-20
799,47.63,A,user799@example.com,2025-09-20
800,73.93,B,user800@example.com,2025-09-20
801,56.89,A,user801@example.com,2025-09-20
802,46.73,A,user802@example.com,2025-09-20
803,32.39,A,user803@example.com,2025-09-20
804,64.1,C,user804@example.com,2025-09-20
805,59.79,B,user805@example.com,2025-09-20
806,56.0,C,user806@example.com,2025-09-20
807,47.25,A,user807@example.com,2025-09-20
808,41.08,B,user808@example.com,2025-09-20
809,50.8,A,user809@example.com,2025-09-20
810,59.64,A,user810@example.com,2025-09-20
811,52.59,B,user811@example.com,2025-09-20
812,52.28,B,user812@example.com,2025-09-20
813,46.69,B,user813@example.com,2025-09-20
814,61.93,A,user814@example.com,2025-09-20
815,59.69,A,user815@example.com,2025-09-20
816,42.27,C,user816@example.com,2025-09-20
817,71.77,A,user817@example.com,2025-09-20
818,72.55,A,user818@example.com,2025-09-20
819,73.12,A,user819@example.com,2025-09-20
820,52.54,A,user820@example.com,2025-09-20
821,51.39,C,user821@example.com,2025-09-20
822,36.66,B,user822@example.com,2025-09-20
823,71.63,A,user823@example.com,2025-09-20
824,26.04,A,user824@example.com,2025-09-20
825,47.97,B,user825@example.com,2025-09-20
826,48.83,A,user826@example.com,2025-09-20
827,74.22,A,user827@example.com,2025-09-20
828,54.99,A,user828@example.com,2025-09-20
829,39.24,A,user829@example.com,2025-09-20
830,33.38,B,user830@example.com,2025-09-20
831,42.61,A,user831@example.com,2025-09-20
832,57.09,B,user832@example.com,2025-09-20
833,56.07,B,user833@example.com,2025-09-20
834,51.32,B,user834@example.com,2025-09-20
835,43.29,B,user835@example.com,2025-09-20
836,51.1,A,user836@example.com,2025-09-20
837,77.99,A,user837@example.com,2025-09-20
838,37.42,A,user838@example.com,2025-09-20
839,55.65,B,user839@example.com,2025-09-20
840,96.91,A,user840@example.com,2025-09-20
841,66.78,A,user841@example.com,2025-09-20
842,46.89,B,user842@example.com,2025-09-20
843,69.32,B,user843@example.com,2025-09-20
844,42.27,A,user844@example.com,2025-09-20
845,55.14,A,user845@example.com,2025-09-20
846,94.75,A,user846@example.com,2025-09-20
847,106.73,A,user847@example.com,2025-09-20
848,30.24,B,user848@example.com,2025-09-20
849,70.27,A,user849@example.com,2025-09-20
850,108.78,A,user850@example.com,2025-09-20
851,45.44,B,user851@example.com,2025-09-20
852,60.22,A,user852@example.com,2025-09-20
853,93.21,B,user853@example.com,2025-09-20
854,46.29,B,user854@example.com,2025-09-20
855,64.43,B,user855@example.com,2025-09-20
856,53.87,B,user856@example.com,2025-09-20
857,28.04,A,user857@example.com,2025-09-20
858,62.08,C,user858@example.com,2025-09-20
859,51.57,C,user859@example.com,2025-09-20
860,76.11,A,user860@example.com,2025-09-20
861,114.44,C,user861@example.com,2025-09-20
862,69.87,B,user862@example.com,2025-09-20
863,48.36,A,user863@example.com,2025-09-20
864,64.39,B,user864@example.com,2025-09-20
865,59.02,A,user865@example.com,2025-09-20
866,78.68,A,user866@example.com,2025-09-20
867,33.24,B,user867@example.com,2025-09-20
868,36.57,A,user868@example.com,2025-09-20
869,26.88,A,user869@example.com,2025-09-20
870,68.02,A,user870@example.com,2025-09-20
871,54.64,A,user871@example.com,2025-09-20
872,43.96,A,user872@example.com,2025-09-20
873,42.67,A,user873@example.com,2025-09-20
874,45.02,B,user874@example.com,2025-09-20
875,39.75,A,user875@example.com,2025-09-20
876,49.15,A,user876@example.com,2025-09-20
877,46.26,C,user877@example.com,2025-09-20
878,89.46,B,user878@example.com,2025-09-20
879,61.59,A,user879@example.com,2025-09-20
880,41.3,A,user880@example.com,2025-09-20
881,44.83,B,,2025-09-20
882,83.68,B,user882@example.com,2025-09-20
883,64.44,A,user883@example.com,2025-09-20
884,60.99,B,user884@example.com,2025-09-20
885,70.78,A,user885@example.com,2025-09-20
886,95.82,A,user886@example.com,2025-09-20
887,35.92,A,user887@example.com,2025-09-20
888,42.37,C,user888@example.com,2025-09-20
889,29.91,A,user889@example.com,2025-09-20
890,65.4,A,user890@example.com,2025-09-20
891,48.17,A,user891@example.com,2025-09-20
892,43.47,C,user892@example.com,2025-09-20
893,42.12,C,user893@example.com,2025-09-20
894,70.06,B,user894@example.com,2025-09-20
895,52.33,A,user895@example.com,2025-09-20
896,45.68,A,user896@example.com,2025-09-20
897,85.35,A,user897@example.com,2025-09-20
898,38.14,C,user898@example.com,2025-09-20
899,35.33,A,user899@example.com,2025-09-20
900,136.38,A,user900@example.com,2025-09-20
901,48.36,B,user901@example.com,2025-09-20
902,45.47,B,user902@example.com,2025-09-20
903,42.64,A,user903@example.com,2025-09-20
904,52.43,B,user904@example.com,2025-09-20
905,72.33,A,user905@example.com,2025-09-20
906,71.6,B,user906@example.com,2025-09-20
907,66.54,C,user907@example.com,2025-09-20
908,49.89,A,user908@example.com,2025-09-20
909,32.65,A,user909@example.com,2025-09-20
910,60.73,B,user910@example.com,2025-09-20
911,93.59,B,user911@example.com,2025-09-20
912,79.96,A,user912@example.com,2025-09-20
913,51.85,A,,2025-09-20
914,72.84,B,user914@example.com,2025-09-20
915,48.06,A,user915@example.com,2025-09-20
916,53.95,B,user916@example.com,2025-09-20
917,35.71,A,user917@example.com,2025-09-20
918,49.25,A,user918@example.com,2025-09-20
919,57.77,B,user919@example.com,2025-09-20
920,51.84,A,user920@example.com,2025-09-20
921,72.01,A,user921@example.com,2025-09-20
922,106.34,A,user922@example.com,2025-09-20
923,87.35,A,user923@example.com,2025-09-20
924,49.43,A,user924@example.com,2025-09-20
925,42.58,A,user925@example.com,2025-09-20
926,43.77,A,user926@example.com,2025-09-20
927,39.06,B,user927@example.com,2025-09-20
928,55.66,A,user928@example.com,2025-09-20
929,63.73,A,user929@example.com,2025-09-20
930,58.64,C,user930@example.com,2025-09-20
931,58.86,A,user931@example.com,2025-09-20
932,58.13,A,user932@example.com,2025-09-20
933,52.52,C,user933@example.com,2025-09-20
934,42.42,A,user934@example.com,2025-09-20
935,100.58,A,user935@example.com,2025-09-20
936,79.36,A,user936@example.com,2025-09-20
937,40.02,B,user937@example.com,2025-09-20
938,40.06,A,user938@example.com,2025-09-20
939,44.8,A,user939@example.com,2025-09-20
940,55.64,A,user940@example.com,2025-09-20
941,85.46,A,user941@example.com,2025-09-20
942,78.46,A,user942@example.com,2025-09-20
943,79.92,A,user943@example.com,2025-09-20
944,80.49,A,user944@example.com,2025-09-20
945,81.01,A,user945@example.com,2025-09-20
946,71.18,B,user946@example.com,2025-09-20
947,64.48,A,user947@example.com,2025-09-20
948,52.76,B,user948@example.com,2025-09-20
949,29.87,B,user949@example.com,2025-09-20
950,52.57,A,user950@example.com,2025-09-20
951,103.34,A,user951@example.com,2025-09-20
952,45.53,A,user952@example.com,2025-09-20
953,44.18,A,user953@example.com,2025-09-20
954,78.53,B,user954@example.com,2025-09-20
955,56.57,A,user955@example.com,2025-09-20
956,46.49,A,user956@example.com,2025-09-20
957,94.87,A,user957@example.com,2025-09-20
958,68.43,A,user958@example.com,2025-09-20
959,71.7,A,user959@example.com,2025-09-20
960,45.14,B,user960@example.com,2025-09-20
961,65.45,B,user961@example.com,2025-09-20
962,62.75,B,user962@example.com,2025-09-20
963,72.19,A,user963@example.com,2025-09-20
964,82.23,B,user964@example.com,2025-09-20
965,81.57,B,user965@example.com,2025-09-20
966,58.38,A,user966@example.com,2025-09-20
967,70.01,A,user967@example.com,2025-09-20
968,36.84,B,user968@example.com,2025-09-20
969,68.9,A,user969@example.com,2025-09-20
970,69.88,B,user970@example.com,2025-09-20
971,48.0,A,user971@example.com,2025-09-20
972,41.95,B,user972@example.com,2025-09-20
973,53.88,A,user973@example.com,2025-09-20
974,35.97,A,user974@example.com,2025-09-20
975,61.97,B,user975@example.com,2025-09-20
976,60.98,C,user976@example.com,2025-09-20
977,39.46,A,user977@example.com,2025-09-20
978,55.92,C,user978@example.com,2025-09-20
979,79.92,A,user979@example.com,2025-09-20
980,79.78,A,user980@example.com,2025-09-20
981,78.34,C,user981@example.com,2025-09-20
982,52.18,A,user982@example.com,2025-09-20
983,48.86,B,user983@example.com,2025-09-20
984,47.97,A,user984@example.com,2025-09-20
985,67.68,A,user985@example.com,2025-09-20
986,125.27,B,user986@example.com,2025-09-20
987,89.93,C,user987@example.com,2025-09-20
988,95.81,A,user988@example.com,2025-09-20
989,88.22,A,user989@example.com,2025-09-20
990,31.28,B,user990@example.com,2025-09-20
991,51.27,A,user991@example.com,2025-09-20
992,47.27,A,user992@example.com,2025-09-20
993,85.17,B,user993@example.com,2025-09-20
994,99.31,B,user994@example.com,2025-09-20
995,43.6,B,user995@example.com,2025-09-20
996,55.75,A,user996@example.com,2025-09-20
997,66.84,B,user997@example.com,2025-09-20
998,46.36,C,user998@example.com,2025-09-20
999,44.14,A,user999@example.com,2025-09-20
1000,43.39,A,user1000@example.com,2025-09-20
1001,74.97,A,user1001@example.com,2025-09-20
1002,40.01,B,user1002@example.com,2025-09-20
1003,81.83,A,user1003@example.com,2025-09-20
1004,56.7,B,user1004@example.com,2025-09-20
1005,71.55,A,user1005@example.com,2025-09-20
1006,94.45,A,user1006@example.com,2025-09-20
1007,43.52,A,user1007@example.com,2025-09-20
1008,41.33,A,user1008@example.com,2025-09-20
1009,63.86,B,user1009@example.com,2025-09-20
1010,38.33,A,user1010@example.com,2025-09-20
1011,42.6,A,user1011@example.com,2025-09-20
1012,52.86,B,user1012@example.com,2025-09-20
1013,58.1,A,user1013@example.com,2025-09-20
1014,35.59,A,user1014@example.com,2025-09-20
1015,48.11,C,user1015@example.com,2025-09-20
1016,67.44,A,user1016@example.com,2025-09-20
1017,88.0,B,user1017@example.com,2025-09-20
1018,27.7,A,user1018@example.com,2025-09-20
1019,86.8,C,user1019@example.com,2025-09-20
1020,74.84,A,user1020@example.com,2025-09-20
1021,37.65,B,user1021@example.com,2025-09-20
1022,32.92,C,user1022@example.com,2025-09-20
1023,63.63,A,user1023@example.com,2025-09-20
1024,47.51,A,user1024@example.com,2025-09-20
1025,57.68,A,user1025@example.com,2025-09-20
1026,74.27,B,user1026@example.com,2025-09-20
1027,48.3,A,user1027@example.com,2025-09-20
1028,58.2,B,user1028@example.com,2025-09-20
1029,64.92,B,user1029@example.com,2025-09-20
1030,74.99,A,user1030@example.com,2025-09-20
1031,101.66,A,user1031@example.com,2025-09-20
1032,99.52,B,user1032@example.com,2025-09-20
1033,59.82,B,user1033@example.com,2025-09-20
1034,50.65,A,user1034@example.com,2025-09-20
1035,125.78,A,user1035@example.com,2025-09-20
1036,68.76,A,user1036@example.com,2025-09-20
1037,63.83,A,user1037@example.com,2025-09-20
1038,37.48,A,user1038@example.com,2025-09-20
1039,72.14,B,user1039@example.com,2025-09-20
1040,41.96,A,user1040@example.com,2025-09-20
1041,46.89,A,user1041@example.com,2025-09-20
1042,34.55,A,user1042@example.com,2025-09-20
1043,45.91,B,user1043@example.com,2025-09-20
1044,56.21,B,user1044@example.com,2025-09-20
1045,32.62,A,user1045@example.com,2025-09-20
1046,40.28,B,user1046@example.com,2025-09-20
1047,53.53,B,user1047@example.com,2025-09-20
1048,35.43,A,user1048@example.com,2025-09-20
1049,35.57,A,user1049@example.com,2025-09-20
1050,41.17,A,user1050@example.com,2025-09-20
1051,33.7,A,user1051@example.com,2025-09-20
1052,68.13,B,user1052@example.com,2025-09-20
1053,38.92,B,user1053@example.com,2025-09-20
1054,71.91,B,user1054@example.com,2025-09-20
1055,75.92,A,user1055@example.com,2025-09-20
1056,36.24,A,user1056@example.com,2025-09-20
1057,55.79,C,user1057@example.com,2025-09-20
1058,46.55,A,user1058@example.com,2025-09-20
1059,37.01,A,user1059@example.com,2025-09-20
1060,48.95,B,user1060@example.com,2025-09-20
1061,50.57,B,user1061@example.com,2025-09-20
1062,70.47,A,user1062@example.com,2025-09-20
1063,78.64,A,user1063@example.com,2025-09-20
1064,37.48,A,user1064@example.com,2025-09-20
1065,47.74,B,user1065@example.com,2025-09-20
1066,66.18,B,user1066@example.com,2025-09-20
1067,82.94,A,user1067@example.com,2025-09-20
1068,23.46,B,user1068@example.com,2025-09-20
1069,85.92,B,user1069@example.com,2025-09-20
1070,51.87,A,user1070@example.com,2025-09-20
1071,93.9,A,user1071@example.com,2025-09-20
1072,47.44,A,user1072@example.com,2025-09-20
1073,41.15,A,user1073@example.com,2025-09-20
1074,55.87,A,user1074@example.com,2025-09-20
1075,82.73,A,user1075@example.com,2025-09-20
1076,55.59,C,user1076@example.com,2025-09-20
1077,24.15,A,user1077@example.com,2025-09-20
1078,69.84,B,user1078@example.com,2025-09-20
1079,31.35,C,user1079@example.com,2025-09-20
1080,39.08,B,user1080@example.com,2025-09-20
1081,36.66,A,user1081@example.com,2025-09-20
1082,28.94,A,user1082@example.com,2025-09-20
1083,35.51,C,user1083@example.com,2025-09-20
1084,38.95,B,user1084@example.com,2025-09-20
1085,44.41,B,user1085@example.com,2025-09-20
1086,53.98,A,user1086@example.com,2025-09-20
1087,48.93,A,user1087@example.com,2025-09-20
1088,32.76,A,user1088@example.com,2025-09-20
1089,51.61,A,user1089@example.com,2025-09-20
1090,77.31,A,user1090@example.com,2025-09-20
1091,76.65,B,user1091@example.com,2025-09-20
1092,57.65,B,user1092@example.com,2025-09-20
1093,68.31,B,user1093@example.com,2025-09-20
1094,75.16,A,user1094@example.com,2025-09-20
1095,88.58,A,user1095@example.com,2025-09-20
1096,99.59,C,user1096@example.com,2025-09-20
1097,49.17,A,user1097@example.com,2025-09-20
1098,50.01,A,user1098@example.com,2025-09-20
1099,92.09,A,user1099@example.com,2025-09-20
1100,94.98,B,user1100@example.com,2025-09-20
1101,94.31,A,user1101@example.com,2025-09-20
1102,24.22,A,user1102@example.com,2025-09-20
1103,50.93,C,user1103@example.com,2025-09-20
1104,17.6,A,user1104@example.com,2025-09-20
1105,71.01,B,user1105@example.com,2025-09-20
1106,56.08,B,user1106@example.com,2025-09-20
1107,56.01,A,user1107@example.com,2025-09-20
1108,52.41,B,user1108@example.com,2025-09-20
1109,86.79,A,user1109@example.com,2025-09-20
1110,49.64,A,user1110@example.com,2025-09-20
1111,78.96,A,user1111@example.com,2025-09-20
1112,66.76,A,user1112@example.com,2025-09-20
1113,62.32,A,user1113@example.com,2025-09-20
1114,64.67,C,user1114@example.com,2025-09-20
1115,57.17,A,user1115@example.com,2025-09-20
1116,37.51,B,user1116@example.com,2025-09-20
1117,70.67,A,user1117@example.com,2025-09-20
1118,70.6,B,user1118@example.com,2025-09-20
1119,52.3,A,user1119@example.com,2025-09-20
1120,71.03,A,,2025-09-20
1121,75.34,A,user1121@example.com,2025-09-20
1122,35.12,A,user1122@example.com,2025-09-20
1123,52.33,B,user1123@example.com,2025-09-20
1124,47.1,A,user1124@example.com,2025-09-20
1125,40.07,A,user1125@example.com,2025-09-20
1126,61.57,A,user1126@example.com,2025-09-20
1127,40.94,A,user1127@example.com,2025-09-20
1128,47.24,B,user1128@example.com,2025-09-20
1129,59.93,A,user1129@example.com,2025-09-20
1130,62.16,B,user1130@example.com,2025-09-20
1131,61.55,A,user1131@example.com,2025-09-20
1132,120.21,C,user1132@example.com,2025-09-20
1133,46.11,A,user1133@example.com,2025-09-20
1134,60.03,B,user1134@example.com,2025-09-20
1135,36.06,B,user1135@example.com,2025-09-20
1136,65.09,B,user1136@example.com,2025-09-20
1137,82.36,A,user1137@example.com,2025-09-20
1138,84.11,A,user1138@example.com,2025-09-20
1139,44.03,A,user1139@example.com,2025-09-20
1140,49.88,B,user1140@example.com,2025-09-20
1141,385.0,A,user1141@example.com,2025-09-20
1142,53.23,B,user1142@example.com,2025-09-20
1143,76.93,A,user1143@example.com,2025-09-20
1144,39.13,A,user1144@example.com,2025-09-20
1145,89.26,A,user1145@example.com,2025-09-20
1146,78.8,A,user1146@example.com,2025-09-20
1147,64.7,A,user1147@example.com,2025-09-20
1148,41.59,A,user1148@example.com,2025-09-20
1149,52.01,B,user1149@example.com,2025-09-20
1150,57.99,A,user1150@example.com,2025-09-20
1151,60.31,A,user1151@example.com,2025-09-20
1152,53.02,A,user1152@example.com,2025-09-20
1153,50.95,A,user1153@example.com,2025-09-20
1154,58.83,A,user1154@example.com,2025-09-20
1155,89.64,C,user1155@example.com,2025-09-20
1156,27.24,A,user1156@example.com,2025-09-20
1157,34.03,A,user1157@example.com,2025-09-20
1158,32.03,B,user1158@example.com,2025-09-20
1159,43.25,B,user1159@example.com,2025-09-20
1160,29.91,B,user1160@example.com,2025-09-20
1161,66.75,A,user1161@example.com,2025-09-20
1162,56.87,C,user1162@example.com,2025-09-20
1163,50.33,B,user1163@example.com,2025-09-20
1164,43.33,A,user1164@example.com,2025-09-20
1165,58.1,A,user1165@example.com,2025-09-20
1166,58.54,A,user1166@example.com,2025-09-20
1167,61.74,A,user1167@example.com,2025-09-20
1168,42.61,A,user1168@example.com,2025-09-20
1169,69.03,B,user1169@example.com,2025-09-20
1170,32.9,B,user1170@example.com,2025-09-20
1171,85.17,A,user1171@example.com,2025-09-20
1172,18.74,A,user1172@example.com,2025-09-20
1173,44.68,A,user1173@example.com,2025-09-20
1174,36.11,B,user1174@example.com,2025-09-20
1175,72.51,A,user1175@example.com,2025-09-20
1176,32.71,A,user1176@example.com,2025-09-20
1177,104.06,A,user1177@example.com,2025-09-20
1178,32.03,C,user1178@example.com,2025-09-20
1179,111.87,B,user1179@example.com,2025-09-20
1180,64.34,C,user1180@example.com,2025-09-20
1181,55.59,A,user1181@example.com,2025-09-20
1182,64.06,A,user1182@example.com,2025-09-20
1183,118.48,A,user1183@example.com,2025-09-20
1184,75.18,A,user1184@example.com,2025-09-20
1185,25.17,A,user1185@example.com,2025-09-20
1186,83.54,B,user1186@example.com,2025-09-20
1187,59.65,A,user1187@example.com,2025-09-20
1188,31.23,A,user1188@example.com,2025-09-20
1189,71.77,A,user1189@example.com,2025-09-20
1190,36.0,A,user1190@example.com,2025-09-20
1191,58.6,A,user1191@example.com,2025-09-20
1192,59.68,A,user1192@example.com,2025-09-20
1193,43.83,A,user1193@example.com,2025-09-20
1194,68.99,A,user1194@example.com,2025-09-20
1195,38.47,C,user1195@example.com,2025-09-20
1196,58.81,A,user1196@example.com,2025-09-20
1197,45.41,A,user1197@example.com,2025-09-20
1198,51.59,A,user1198@example.com,2025-09-20
1199,107.81,A,user1199@example.com,2025-09-20
1200,57.2,A,user1200@example.com,2025-09-20
1201,37.59,A,user1201@example.com,2025-09-20
1202,52.79,B,user1202@example.com,2025-09-20
1203,42.02,A,user1203@example.com,2025-09-20
1204,55.51,A,user1204@example.com,2025-09-20
1205,58.21,B,user1205@example.com,2025-09-20
1206,56.66,A,user1206@example.com,2025-09-20
1207,56.64,A,user1207@example.com,2025-09-20
1208,45.46,B,user1208@example.com,2025-09-20
1209,64.36,B,user1209@example.com,2025-09-20
1210,79.63,A,user1210@example.com,2025-09-20
1211,44.26,A,user1211@example.com,2025-09-20
1212,53.89,A,user1212@example.com,2025-09-20
1213,56.18,B,user1213@example.com,2025-09-20
1214,85.3,A,user1214@example.com,2025-09-20
1215,80.25,A,user1215@example.com,2025-09-20
1216,42.6,A,user1216@example.com,2025-09-20
1217,56.41,A,user1217@example.com,2025-09-20
1218,32.6,B,user1218@example.com,2025-09-20
1219,39.23,A,user1219@example.com,2025-09-20
1220,55.29,A,user1220@example.com,2025-09-20
1221,68.57,C,user1221@example.com,2025-09-20
1222,76.81,A,user1222@example.com,2025-09-20
1223,49.33,B,user1223@example.com,2025-09-20
1224,34.25,B,user1224@example.com,2025-09-20
1225,63.2,A,user1225@example.com,2025-09-20
1226,51.77,B,user1226@example.com,2025-09-20
1227,63.8,A,,2025-09-20
1228,58.17,A,user1228@example.com,2025-09-20
1229,70.66,B,user1229@example.com,2025-09-20
1230,69.16,A,user1230@example.com,2025-09-20
1231,73.89,A,user1231@example.com,2025-09-20
1232,46.83,B,user1232@example.com,2025-09-20
1233,77.93,C,user1233@example.com,2025-09-20
1234,46.12,B,user1234@example.com,2025-09-20
1235,56.66,B,user1235@example.com,2025-09-20
1236,105.48,A,user1236@example.com,2025-09-20
1237,62.32,B,user1237@example.com,2025-09-20
1238,36.57,A,user1238@example.com,2025-09-20
1239,92.66,A,user1239@example.com,2025-09-20
1240,78.05,C,user1240@example.com,2025-09-20
1241,81.98,A,user1241@example.com,2025-09-20
1242,58.93,A,user1242@example.com,2025-09-20
1243,62.08,A,user1243@example.com,2025-09-20
1244,50.69,B,user1244@example.com,2025-09-20
1245,43.05,B,user1245@example.com,2025-09-20
1246,93.96,A,user1246@example.com,2025-09-20
1247,48.35,A,user1247@example.com,2025-09-20
1248,46.48,B,user1248@example.com,2025-09-20
1249,47.09,A,user1249@example.com,2025-09-20
1250,105.55,A,user1250@example.com,2025-09-20
1251,74.79,A,user1251@example.com,2025-09-20
1252,48.35,A,user1252@example.com,2025-09-20
1253,54.13,A,user1253@example.com,2025-09-20
1254,65.76,B,user1254@example.com,2025-09-20
1255,74.8,B,user1255@example.com,2025-09-20
1256,31.3,A,user1256@example.com,2025-09-20
1257,75.46,C,user1257@example.com,2025-09-20
1258,50.96,A,user1258@example.com,2025-09-20
1259,43.26,B,user1259@example.com,2025-09-20
1260,47.98,A,user1260@example.com,2025-09-20
1261,72.57,B,user1261@example.com,2025-09-20
1262,101.78,A,user1262@example.com,2025-09-20
1263,57.92,A,user1263@example.com,2025-09-20
1264,66.84,B,user1264@example.com,2025-09-20
1265,41.36,B,user1265@example.com,2025-09-20
1266,65.32,B,user1266@example.com,2025-09-20
1267,73.35,B,user1267@example.com,2025-09-20
1268,32.67,A,user1268@example.com,2025-09-20
1269,45.96,B,user1269@example.com,2025-09-20
1270,72.54,A,user1270@example.com,2025-09-20
1271,29.72,A,user1271@example.com,2025-09-20
1272,48.25,A,user1272@example.com,2025-09-20
1273,67.87,B,user1273@example.com,2025-09-20
1274,30.44,B,user1274@example.com,2025-09-20
1275,47.87,B,user1275@example.com,2025-09-20
1276,56.07,A,user1276@example.com,2025-09-20
1277,75.11,A,user1277@example.com,2025-09-20
1278,35.16,A,user1278@example.com,2025-09-20
1279,81.1,A,user1279@example.com,2025-09-20
1280,61.21,C,user1280@example.com,2025-09-20
1281,83.62,A,,2025-09-20
1282,82.64,A,user1282@example.com,2025-09-20
1283,61.97,A,user1283@example.com,2025-09-20
1284,65.19,B,user1284@example.com,2025-09-20
1285,29.92,A,user1285@example.com,2025-09-20
1286,34.29,A,user1286@example.com,2025-09-20
1287,38.69,A,user1287@example.com,2025-09-20
1288,48.69,B,user1288@example.com,2025-09-20
1289,76.25,B,user1289@example.com,2025-09-20
1290,29.46,A,user1290@example.com,2025-09-20
1291,49.17,B,user1291@example.com,2025-09-20
1292,34.64,A,user1292@example.com,2025-09-20
1293,31.89,A,user1293@example.com,2025-09-20
1294,92.23,A,user1294@example.com,2025-09-20
1295,56.93,B,user1295@example.com,2025-09-20
1296,97.48,A,user1296@example.com,2025-09-20
1297,83.24,A,user1297@example.com,2025-09-20
1298,39.84,A,user1298@example.com,2025-09-20
1299,28.74,A,user1299@example.com,2025-09-20
1300,113.51,A,user1300@example.com,2025-09-20
1301,47.73,A,user1301@example.com,2025-09-20
1302,36.85,A,user1302@example.com,2025-09-20
1303,70.05,A,user1303@example.com,2025-09-20
1304,57.69,B,user1304@example.com,2025-09-20
1305,43.48,A,user1305@example.com,2025-09-20
1306,48.73,B,user1306@example.com,2025-09-20
1307,58.19,A,user1307@example.com,2025-09-20
1308,56.44,B,user1308@example.com,2025-09-20
1309,71.65,C,user1309@example.com,2025-09-20
1310,48.6,B,user1310@example.com,2025-09-20
1311,48.78,A,user1311@example.com,2025-09-20
1312,67.87,B,user1312@example.com,2025-09-20
1313,61.37,A,user1313@example.com,2025-09-20
1314,80.67,B,user1314@example.com,2025-09-20
1315,50.39,A,user1315@example.com,2025-09-20
1316,53.14,B,user1316@example.com,2025-09-20
1317,36.7,A,user1317@example.com,2025-09-20
1318,92.95,B,user1318@example.com,2025-09-20
1319,33.77,A,user1319@example.com,2025-09-20
1320,59.03,A,user1320@example.com,2025-09-20
1321,40.25,A,user1321@example.com,2025-09-20
1322,61.89,A,user1322@example.com,2025-09-20
1323,71.37,A,user1323@example.com,2025-09-20
1324,30.99,B,user1324@example.com,2025-09-20
1325,51.09,B,user1325@example.com,2025-09-20
1326,29.74,A,user1326@example.com,2025-09-20
1327,89.91,B,user1327@example.com,2025-09-20
1328,47.1,B,user1328@example.com,2025-09-20
1329,31.68,A,user1329@example.com,2025-09-20
1330,43.02,B,user1330@example.com,2025-09-20
1331,87.03,A,user1331@example.com,2025-09-20
1332,92.57,A,user1332@example.com,2025-09-20
1333,85.8,B,user1333@example.com,2025-09-20
1334,41.8,B,user1334@example.com,2025-09-20
1335,52.15,C,user1335@example.com,2025-09-20
1336,97.47,B,user1336@example.com,2025-09-20
1337,42.58,A,user1337@example.com,2025-09-20
1338,48.92,A,user1338@example.com,2025-09-20
1339,39.39,A,user1339@example.com,2025-09-20
1340,36.59,B,user1340@example.com,2025-09-20
1341,83.89,A,user1341@example.com,2025-09-20
1342,68.58,A,user1342@example.com,2025-09-20
1343,64.37,C,user1343@example.com,2025-09-20
1344,67.37,A,user1344@example.com,2025-09-20
1345,78.63,A,user1345@example.com,2025-09-20
1346,93.31,A,user1346@example.com,2025-09-20
1347,54.86,A,user1347@example.com,2025-09-20
1348,48.82,A,user1348@example.com,2025-09-20
1349,38.44,A,user1349@example.com,2025-09-20
1350,80.33,B,user1350@example.com,2025-09-20
1351,45.93,A,user1351@example.com,2025-09-20
1352,32.6,A,user1352@example.com,2025-09-20
1353,50.06,A,user1353@example.com,2025-09-20
1354,55.47,B,user1354@example.com,2025-09-20
1355,73.6,A,user1355@example.com,2025-09-20
1356,78.15,A,user1356@example.com,2025-09-20
1357,42.58,A,user1357@example.com,2025-09-20
1358,41.56,A,user1358@example.com,2025-09-20
1359,49.03,A,user1359@example.com,2025-09-20
1360,35.99,A,user1360@example.com,2025-09-20
1361,52.93,A,user1361@example.com,2025-09-20
1362,64.63,A,user1362@example.com,2025-09-20
1363,55.83,B,user1363@example.com,2025-09-20
1364,31.27,A,user1364@example.com,2025-09-20
1365,36.24,B,user1365@example.com,2025-09-20
1366,86.26,A,user1366@example.com,2025-09-20
1367,38.58,A,user1367@example.com,2025-09-20
1368,71.22,B,user1368@example.com,2025-09-20
1369,68.62,A,user1369@example.com,2025-09-20
1370,49.14,B,user1370@example.com,2025-09-20
1371,38.8,A,user1371@example.com,2025-09-20
1372,59.2,A,user1372@example.com,2025-09-20
1373,40.33,A,user1373@example.com,2025-09-20
1374,51.72,A,user1374@example.com,2025-09-20
1375,57.08,A,user1375@example.com,2025-09-20
1376,42.8,B,user1376@example.com,2025-09-20
1377,50.8,A,user1377@example.com,2025-09-20
1378,49.37,A,user1378@example.com,2025-09-20
1379,35.69,A,user1379@example.com,2025-09-20
1380,51.45,C,user1380@example.com,2025-09-20
1381,44.0,B,user1381@example.com,2025-09-20
1382,29.05,B,user1382@example.com,2025-09-20
1383,48.87,B,user1383@example.com,2025-09-20
1384,49.81,A,user1384@example.com,2025-09-20
1385,44.51,B,user1385@example.com,2025-09-20
1386,26.73,A,user1386@example.com,2025-09-20
1387,72.17,A,user1387@example.com,2025-09-20
1388,69.87,A,user1388@example.com,2025-09-20
1389,69.06,A,user1389@example.com,2025-09-20
1390,61.62,A,user1390@example.com,2025-09-20
1391,35.43,A,user1391@example.com,2025-09-20
1392,57.42,B,user1392@example.com,2025-09-20
1393,39.75,A,user1393@example.com,2025-09-20
1394,118.27,A,user1394@example.com,2025-09-20
1395,45.84,A,user1395@example.com,2025-09-20
1396,69.48,A,user1396@example.com,2025-09-20
1397,31.94,B,user1397@example.com,2025-09-20
1398,36.4,A,user1398@example.com,2025-09-20
1399,45.58,A,user1399@example.com,2025-09-20
1400,70.33,A,user1400@example.com,2025-09-20
1401,66.62,A,user1401@example.com,2025-09-20
1402,60.84,B,user1402@example.com,2025-09-20
1403,28.74,A,user1403@example.com,2025-09-20
1404,81.72,A,user1404@example.com,2025-09-20
1405,39.77,A,user1405@example.com,2025-09-20
1406,96.81,C,user1406@example.com,2025-09-20
1407,105.69,A,user1407@example.com,2025-09-20
1408,73.44,A,user1408@example.com,2025-09-20
1409,77.73,B,user1409@example.com,2025-09-20
1410,35.37,B,user1410@example.com,2025-09-20
1411,135.73,A,user1411@example.com,2025-09-20
1412,59.36,A,user1412@example.com,2025-09-20
1413,78.04,A,user1413@example.com,2025-09-20
1414,40.73,A,user1414@example.com,2025-09-20
1415,53.76,A,user1415@example.com,2025-09-20
1416,36.3,B,user1416@example.com,2025-09-20
1417,50.57,B,user1417@example.com,2025-09-20
1418,55.3,A,user1418@example.com,2025-09-20
1419,60.15,A,user1419@example.com,2025-09-20
1420,89.65,B,user1420@example.com,2025-09-20
1421,65.08,A,user1421@example.com,2025-09-20
1422,59.9,A,user1422@example.com,2025-09-20
1423,55.75,A,user1423@example.com,2025-09-20
1424,111.16,B,user1424@example.com,2025-09-20
1425,44.91,B,user1425@example.com,2025-09-20
1426,375.13,A,user1426@example.com,2025-09-20
1427,27.68,A,user1427@example.com,2025-09-20
1428,40.45,A,user1428@example.com,2025-09-20
1429,63.5,B,user1429@example.com,2025-09-20
1430,51.99,B,user1430@example.com,2025-09-20
1431,157.57,A,user1431@example.com,2025-09-20
1432,135.66,B,user1432@example.com,2025-09-20
1433,32.32,A,user1433@example.com,2025-09-20
1434,37.81,B,user1434@example.com,2025-09-20
1435,52.33,B,user1435@example.com,2025-09-20
1436,101.13,A,user1436@example.com,2025-09-20
1437,81.88,A,user1437@example.com,2025-09-20
1438,61.68,A,user1438@example.com,2025-09-20
1439,33.53,A,user1439@example.com,2025-09-20
1440,40.93,A,user1440@example.com,2025-09-20
1441,21.5,A,user1441@example.com,2025-09-20
1442,32.14,A,user1442@example.com,2025-09-20
1443,63.9,A,user1443@example.com,2025-09-20
1444,72.57,A,user1444@example.com,2025-09-20
1445,34.89,A,user1445@example.com,2025-09-20
1446,57.19,B,user1446@example.com,2025-09-20
1447,97.31,B,user1447@example.com,2025-09-20
1448,58.32,B,user1448@example.com,2025-09-20
1449,49.48,B,user1449@example.com,2025-09-20
1450,68.25,B,user1450@example.com,2025-09-20
1451,66.27,A,user1451@example.com,2025-09-20
1452,56.67,A,user1452@example.com,2025-09-20
1453,45.68,A,user1453@example.com,2025-09-20
1454,47.49,A,user1454@example.com,2025-09-20
1455,56.87,B,user1455@example.com,2025-09-20
1456,45.46,B,user1456@example.com,2025-09-20
1457,87.86,A,user1457@example.com,2025-09-20
1458,75.32,A,user1458@example.com,2025-09-20
1459,80.63,A,user1459@example.com,2025-09-20
1460,112.04,A,user1460@example.com,2025-09-20
1461,95.76,C,user1461@example.com,2025-09-20
1462,90.52,A,user1462@example.com,2025-09-20
1463,62.74,A,user1463@example.com,2025-09-20
1464,51.5,B,user1464@example.com,2025-09-20
1465,123.26,A,user1465@example.com,2025-09-20
1466,43.52,A,user1466@example.com,2025-09-20
1467,44.35,A,user1467@example.com,2025-09-20
1468,40.63,C,user1468@example.com,2025-09-20
1469,59.4,A,user1469@example.com,2025-09-20
1470,63.77,A,user1470@example.com,2025-09-20
1471,78.99,A,user1471@example.com,2025-09-20
1472,50.91,A,user1472@example.com,2025-09-20
1473,30.02,A,user1473@example.com,2025-09-20
1474,61.58,B,user1474@example.com,2025-09-20
1475,77.45,A,user1475@example.com,2025-09-20
1476,55.69,A,user1476@example.com,2025-09-20
1477,52.56,A,user1477@example.com,2025-09-20
1478,67.06,A,user1478@example.com,2025-09-20
1479,90.94,B,user1479@example.com,2025-09-20
1480,53.82,A,user1480@example.com,2025-09-20
1481,33.5,C,user1481@example.com,2025-09-20
1482,45.2,A,user1482@example.com,2025-09-20
1483,51.97,B,user1483@example.com,2025-09-20
1484,29.32,B,user1484@example.com,2025-09-20
1485,72.09,A,user1485@example.com,2025-09-20
1486,42.09,A,user1486@example.com,2025-09-20
1487,65.77,A,user1487@example.com,2025-09-20
1488,58.94,A,user1488@example.com,2025-09-20
1489,49.37,A,user1489@example.com,2025-09-20
1490,97.32,A,user1490@example.com,2025-09-20
1491,45.22,A,user1491@example.com,2025-09-20
1492,43.5,C,user1492@example.com,2025-09-20
1493,60.98,A,user1493@example.com,2025-09-20
1494,73.83,A,user1494@example.com,2025-09-20
1495,54.99,B,user1495@example.com,2025-09-20
1496,39.02,A,user1496@example.com,2025-09-20
1497,70.09,B,user1497@example.com,2025-09-20
1498,67.97,B,user1498@example.com,2025-09-20
1499,113.74,A,user1499@example.com,2025-09-20
1500,50.93,A,user1500@example.com,2025-09-20
